artless,animal banger
assless,anus
AthleanX worshipping,ape
base-court,apple-john
bat fucking,arse
bawdy,ass
beef-witted,ass
beetle-headed,baggage
bench arching,ballsack
bird seed eating,bampot
boil-brained,bampot
bootless,barnacle
braindead,bastard
cheaty pressing,beetle tonguer
churlish,bellend
clapper-clawed,bellend
clay-brained,birdbrain
clouted,bladder
clown licking,blockhead
cockered,boar-pig
common-kissing,boar-pig
crook-pated,bonehead
dad fuckin,bonehead
dad groping,boner
daft,boob
damn,boob
dankish,boob
dense,bozo
dickless,bozo
dino tonguing,bugbear
dirt eating,bum
dirty,bum-bailey
dismal-dreaming,buttplug
dissembling,camel licker
dizzy-eyed,camel licker
doghearted,footfag
dolphin banging,carpet licker
uncle groping,clack-dish
dread-bolted,clack-dish
droning,clotpole
drooling,clown
duck groping,clown sniffer
dull,codpiece
earth-vexing,coon
ego lifting,couch tickler
elderberry smelling,cow
elf-skinned,cretin
fat,cunt
fat-kidneyed,daisy
fawning,dandruff
fen-sucked,degenerate
flap-mouthed,dewberry
fly-bitten,dick
fobbing,dildo
fool-born,dingdong
french,dolphin tonguer
frog licking,dolt
frothy,donkey
froward,donut
fuckin,dope
gatekeeping,dummy
geriatric,dunce
gleeking,fart-catcher
goat plowing,fatass
goat touching,flange
good morning squatting,flap-dragon
gorbellied,flax-wench
guts-griping,foot-licker
Gym Wombler worshipping,fuck
half-faced,fustilarian
hamster fucking,giglet
hedge-born,gudgeon
hell-hated,hardgainer
hooch drying,harpy
idle-headed,hedge-pig
ill-breeding,hobbledehoy
ill-nurtured,hobby-runner
in the hammock wrassling,horn-beast
in the rack curling,hugger-mugger
lazy,idiot
loggerheaded,ignoramus
lumpish,imbecile
maingaining,incel
mammering,jizz
mangled,jolthead
mewling,keister tickler
motley-minded,knob end
mouth breathing,labia
next fucking level,lewdster
noj regular,llama groper
nSuns worshipping,lout
olive oil guzzling,maggot-pie
onion-eyed,malt-worm
pie licking,mammet
pig tickling,manlet
pox-marked,manlet
puking,measle
puny,measle
quailing,prince
rank,milksop
ratsbane,princess
reeling-ripe,minnow
Rippetoe worshipping,miscreant
roguish,moldwarp
rude-growing,footfag
rump-fed,cauliflower
rump-fed,mooncalf
ruttish,moron
saucy,fucko
shard-borne,muff
sheep-biting,mumble-news
sheep-biting,muppet
spleeny,footfag
spongy,muppet
stinking,newpot
stupid,nimrod
sumo pulling,nimrod
surly,nincompoop
taint touching,ninny
taint touching,ninny
thick,incel
throbber,nSuns worshipper
tickle-brained,needle dick
tiny,numbskull
toad-spotted,nut-hook
toe licking,oxcomb
trout licking,oxcomb
twink fucking,peckerwood
unmuzzled,penis
urchin-snouted,pig fucker
vain,pigeon
warped,pigeon-egg
weak,pignut
weather-bitten,poop
witless,potato
toad-spotted,prick
half-faced,pube
hamster fucking,pumpion
hell-hated,pussy
hooch drying,putz
idle-headed,ratsbane
ill-breeding,sap
hamster fucking,scrotum
hell-hated,scut
hooch drying,shit-for-brains
idle-headed,shitlord
elderberry smelling,simpleton
elf-skinned,simpleton
fat,skainsmate
fat-kidneyed,skainsmate
fawning,skelly
fen-sucked,smellfungus
flap-mouthed,smellfungus
fly-bitten,strumpet
fobbing,strumpet
fool-born,throbber
rude-growing,throbber
rump-fed,tit
rump-fed,tosser
dude banging,turd
saucy,twat
shard-borne,twit
sheep-biting,twit
sheep-biting,ultramaroon
spleeny,ultramaroon
spongy,dolphin licker
artless,trout licker
assless,varlet
AthleanX worshipping,vassal
base-court,wagtail
bat fucking,walloper
bawdy,walloper
beef-witted,wank
beetle-headed,wank
bench arching,wet blanket
bird seed eating,whale tickler
boil-brained,whey-face
bootless,windows licker
